이름,나이,거주지
노충내,29,강서구마곡동
김흉호,32,안산안드레아스
짐승균,33,마계
이색종,33,시흥
석색진,31,노원
익모사,32,졷남
노충내,29,강서구마곡동
김흉호,32,안산안드레아스
짐승균,33,마계
이색종,33,시흥
석색진,31,노원
익모사,32,졷남
노충내,29,강서구마곡동
김흉호,32,안산안드레아스
짐승균,33,마계
이색종,33,시흥
석색진,31,노원
익모사,32,졷남
노충내,29,강서구마곡동
김흉호,32,안산안드레아스
짐승균,33,마계
이색종,33,시흥
석색진,31,노원
익모사,32,졷남
노충내,29,강서구마곡동
김흉호,32,안산안드레아스
짐승균,33,마계
이색종,33,시흥
석색진,31,노원
익모사,32,졷남
노충내,29,강서구마곡동
김흉호,32,안산안드레아스
짐승균,33,마계
이색종,33,시흥
석색진,31,노원
익모사,32,졷남
노충내,29,강서구마곡동
김흉호,32,안산안드레아스
짐승균,33,마계
이색종,33,시흥
석색진,31,노원
익모사,32,졷남
노충내,29,강서구마곡동
김흉호,32,안산안드레아스
짐승균,33,마계
이색종,33,시흥
석색진,31,노원
익모사,32,졷남
노충내,29,강서구마곡동
김흉호,32,안산안드레아스
짐승균,33,마계
이색종,33,시흥
석색진,31,노원
익모사,32,졷남
노충내,29,강서구마곡동
김흉호,32,안산안드레아스
짐승균,33,마계
이색종,33,시흥
석색진,31,노원
익모사,32,졷남
노충내,29,강서구마곡동
김흉호,32,안산안드레아스
짐승균,33,마계
이색종,33,시흥
석색진,31,노원
익모사,32,졷남
노충내,29,강서구마곡동
김흉호,32,안산안드레아스
짐승균,33,마계
이색종,33,시흥
석색진,31,노원
익모사,32,졷남
노충내,29,강서구마곡동
김흉호,32,안산안드레아스
짐승균,33,마계
이색종,33,시흥
석색진,31,노원
익모사,32,졷남
노충내,29,강서구마곡동
김흉호,32,안산안드레아스
짐승균,33,마계
이색종,33,시흥
석색진,31,노원
익모사,32,졷남
노충내,29,강서구마곡동
김흉호,32,안산안드레아스
짐승균,33,마계
이색종,33,시흥
석색진,31,노원
익모사,32,졷남
노충내,29,강서구마곡동
김흉호,32,안산안드레아스
짐승균,33,마계
이색종,33,시흥
석색진,31,노원
익모사,32,졷남